{
  "total_tasks": 19,
  "solved": 18,
  "avg_pass_at_k": {
    "1": 0.9473684210526315,
    "2": 0.9473684210526315,
    "3": 0.9473684210526315,
    "4": 0.9473684210526315,
    "5": 0.9473684210526315,
    "6": 0.9473684210526315,
    "7": 0.9473684210526315
  },
  "per_task": {
    "task_000000_177169b6": {
      "num_runs": 8,
      "num_success": 8,
      "pass_at_k": {
        "1": 1.0,
        "2": 1.0,
        "3": 1.0,
        "4": 1.0,
        "5": 1.0,
        "6": 1.0,
        "7": 1.0,
        "8": 1.0
      }
    },
    "task_000000_2268a271": {
      "num_runs": 7,
      "num_success": 7,
      "pass_at_k": {
        "1": 1.0,
        "2": 1.0,
        "3": 1.0,
        "4": 1.0,
        "5": 1.0,
        "6": 1.0,
        "7": 1.0
      }
    },
    "task_000000_31c5d8d7": {
      "num_runs": 8,
      "num_success": 8,
      "pass_at_k": {
        "1": 1.0,
        "2": 1.0,
        "3": 1.0,
        "4": 1.0,
        "5": 1.0,
        "6": 1.0,
        "7": 1.0,
        "8": 1.0
      }
    },
    "task_000000_3294be7a": {
      "num_runs": 8,
      "num_success": 0,
      "pass_at_k": {
        "1": 0.0,
        "2": 0.0,
        "3": 0.0,
        "4": 0.0,
        "5": 0.0,
        "6": 0.0,
        "7": 0.0,
        "8": 0.0
      }
    },
    "task_000000_33870ccf": {
      "num_runs": 8,
      "num_success": 8,
      "pass_at_k": {
        "1": 1.0,
        "2": 1.0,
        "3": 1.0,
        "4": 1.0,
        "5": 1.0,
        "6": 1.0,
        "7": 1.0,
        "8": 1.0
      }
    },
    "task_000000_34a19345": {
      "num_runs": 8,
      "num_success": 8,
      "pass_at_k": {
        "1": 1.0,
        "2": 1.0,
        "3": 1.0,
        "4": 1.0,
        "5": 1.0,
        "6": 1.0,
        "7": 1.0,
        "8": 1.0
      }
    },
    "task_000000_3f80b471": {
      "num_runs": 8,
      "num_success": 8,
      "pass_at_k": {
        "1": 1.0,
        "2": 1.0,
        "3": 1.0,
        "4": 1.0,
        "5": 1.0,
        "6": 1.0,
        "7": 1.0,
        "8": 1.0
      }
    },
    "task_000000_5176e648": {
      "num_runs": 8,
      "num_success": 8,
      "pass_at_k": {
        "1": 1.0,
        "2": 1.0,
        "3": 1.0,
        "4": 1.0,
        "5": 1.0,
        "6": 1.0,
        "7": 1.0,
        "8": 1.0
      }
    },
    "task_000000_53faffc0": {
      "num_runs": 8,
      "num_success": 8,
      "pass_at_k": {
        "1": 1.0,
        "2": 1.0,
        "3": 1.0,
        "4": 1.0,
        "5": 1.0,
        "6": 1.0,
        "7": 1.0,
        "8": 1.0
      }
    },
    "task_000000_659a19e1": {
      "num_runs": 8,
      "num_success": 8,
      "pass_at_k": {
        "1": 1.0,
        "2": 1.0,
        "3": 1.0,
        "4": 1.0,
        "5": 1.0,
        "6": 1.0,
        "7": 1.0,
        "8": 1.0
      }
    },
    "task_000000_67ce195f": {
      "num_runs": 7,
      "num_success": 7,
      "pass_at_k": {
        "1": 1.0,
        "2": 1.0,
        "3": 1.0,
        "4": 1.0,
        "5": 1.0,
        "6": 1.0,
        "7": 1.0
      }
    },
    "task_000000_8c0b533a": {
      "num_runs": 8,
      "num_success": 8,
      "pass_at_k": {
        "1": 1.0,
        "2": 1.0,
        "3": 1.0,
        "4": 1.0,
        "5": 1.0,
        "6": 1.0,
        "7": 1.0,
        "8": 1.0
      }
    },
    "task_000000_8d4e42ee": {
      "num_runs": 8,
      "num_success": 8,
      "pass_at_k": {
        "1": 1.0,
        "2": 1.0,
        "3": 1.0,
        "4": 1.0,
        "5": 1.0,
        "6": 1.0,
        "7": 1.0,
        "8": 1.0
      }
    },
    "task_000000_95585e2a": {
      "num_runs": 8,
      "num_success": 8,
      "pass_at_k": {
        "1": 1.0,
        "2": 1.0,
        "3": 1.0,
        "4": 1.0,
        "5": 1.0,
        "6": 1.0,
        "7": 1.0,
        "8": 1.0
      }
    },
    "task_000000_a9e0d1c9": {
      "num_runs": 8,
      "num_success": 8,
      "pass_at_k": {
        "1": 1.0,
        "2": 1.0,
        "3": 1.0,
        "4": 1.0,
        "5": 1.0,
        "6": 1.0,
        "7": 1.0,
        "8": 1.0
      }
    },
    "task_000000_bbd7acf3": {
      "num_runs": 8,
      "num_success": 8,
      "pass_at_k": {
        "1": 1.0,
        "2": 1.0,
        "3": 1.0,
        "4": 1.0,
        "5": 1.0,
        "6": 1.0,
        "7": 1.0,
        "8": 1.0
      }
    },
    "task_000000_c3309e5a": {
      "num_runs": 8,
      "num_success": 8,
      "pass_at_k": {
        "1": 1.0,
        "2": 1.0,
        "3": 1.0,
        "4": 1.0,
        "5": 1.0,
        "6": 1.0,
        "7": 1.0,
        "8": 1.0
      }
    },
    "task_000000_cb89f2c5": {
      "num_runs": 8,
      "num_success": 8,
      "pass_at_k": {
        "1": 1.0,
        "2": 1.0,
        "3": 1.0,
        "4": 1.0,
        "5": 1.0,
        "6": 1.0,
        "7": 1.0,
        "8": 1.0
      }
    },
    "task_000000_da392cab": {
      "num_runs": 8,
      "num_success": 8,
      "pass_at_k": {
        "1": 1.0,
        "2": 1.0,
        "3": 1.0,
        "4": 1.0,
        "5": 1.0,
        "6": 1.0,
        "7": 1.0,
        "8": 1.0
      }
    }
  }
}