{
    "id": "0473b4b3-bf5a-4013-b002-a9a007561dc7",
    "started_at": "2026-04-15T16:35:31.248245",
    "finished_at": null,
    "n_total_trials": 152,
    "stats": {
        "n_trials": 150,
        "n_errors": 0,
        "evals": {
            "aicore-terminus-2__claude-opus-4-5-20251101__harbor_tasks": {
                "n_trials": 150,
                "n_errors": 0,
                "metrics": [
                    {
                        "mean": 0.9466666666666667
                    }
                ],
                "reward_stats": {
                    "reward": {
                        "1.0": [
                            "task_000000_53faffc0__EvfSd7V",
                            "task_000000_8c0b533a__zCW4uVq",
                            "task_000000_a9e0d1c9__x9jRfoH",
                            "task_000000_bbd7acf3__wN79PsA",
                            "task_000000_31c5d8d7__mdtGxLo",
                            "task_000000_177169b6__pyrEwmC",
                            "task_000000_659a19e1__DnFoaqu",
                            "task_000000_95585e2a__imUYNaK",
                            "task_000000_34a19345__bQfGT7Q",
                            "task_000000_da392cab__BJAwkaC",
                            "task_000000_8d4e42ee__nQWXzTb",
                            "task_000000_5176e648__G3VnUvb",
                            "task_000000_cb89f2c5__rRGMv6V",
                            "task_000000_c3309e5a__yhufZ9S",
                            "task_000000_3f80b471__HwWM6Dc",
                            "task_000000_33870ccf__34VT8e2",
                            "task_000000_67ce195f__2LrwBD5",
                            "task_000000_2268a271__FT4EMq2",
                            "task_000000_53faffc0__xKb85qB",
                            "task_000000_a9e0d1c9__ebu9Pcq",
                            "task_000000_8c0b533a__MJCDXD5",
                            "task_000000_bbd7acf3__LqbG3YV",
                            "task_000000_31c5d8d7__MDrmvWp",
                            "task_000000_177169b6__nwDUjD5",
                            "task_000000_659a19e1__WfNEgZw",
                            "task_000000_95585e2a__u38Q3HT",
                            "task_000000_34a19345__mFAHrsh",
                            "task_000000_da392cab__Mtkh6fV",
                            "task_000000_8d4e42ee__vDH63Cg",
                            "task_000000_5176e648__o3t7utf",
                            "task_000000_cb89f2c5__EyjtGjV",
                            "task_000000_c3309e5a__yggDXZC",
                            "task_000000_3f80b471__9qnGQaD",
                            "task_000000_33870ccf__zvaixNr",
                            "task_000000_67ce195f__f45fJ82",
                            "task_000000_2268a271__b86hpHy",
                            "task_000000_53faffc0__6MWYWCQ",
                            "task_000000_a9e0d1c9__pnmBHgS",
                            "task_000000_8c0b533a__YzkbjCw",
                            "task_000000_bbd7acf3__yn7fCM9",
                            "task_000000_31c5d8d7__qLHVuuu",
                            "task_000000_177169b6__SihmYMp",
                            "task_000000_659a19e1__8EhRY5L",
                            "task_000000_95585e2a__QJTAkyR",
                            "task_000000_34a19345__YrYi429",
                            "task_000000_da392cab__6kCpyRk",
                            "task_000000_8d4e42ee__Q2VYYan",
                            "task_000000_5176e648__LzEXqya",
                            "task_000000_cb89f2c5__HVbzsbv",
                            "task_000000_c3309e5a__GgdVZgH",
                            "task_000000_33870ccf__5hepp9t",
                            "task_000000_3f80b471__doRMFJz",
                            "task_000000_2268a271__7q7wsAq",
                            "task_000000_67ce195f__cUWQtZE",
                            "task_000000_53faffc0__B7UYwuZ",
                            "task_000000_8c0b533a__mZ2YQTQ",
                            "task_000000_a9e0d1c9__taMSz3C",
                            "task_000000_bbd7acf3__doxmPJp",
                            "task_000000_31c5d8d7__fDXU2To",
                            "task_000000_177169b6__gSPbTz6",
                            "task_000000_659a19e1__DmHubBR",
                            "task_000000_95585e2a__oV5SzBB",
                            "task_000000_34a19345__unozf2e",
                            "task_000000_da392cab__gQvCshP",
                            "task_000000_8d4e42ee__uqx2tsd",
                            "task_000000_5176e648__zGz9bHF",
                            "task_000000_cb89f2c5__HSyA2us",
                            "task_000000_c3309e5a__B4BDMqu",
                            "task_000000_3f80b471__9GafWZH",
                            "task_000000_33870ccf__6D9dqoG",
                            "task_000000_67ce195f__Y3Ydgfs",
                            "task_000000_2268a271__aX88cSq",
                            "task_000000_53faffc0__DEPDKPq",
                            "task_000000_8c0b533a__SvQkVG4",
                            "task_000000_a9e0d1c9__yb5yiJy",
                            "task_000000_bbd7acf3__xj5aJcW",
                            "task_000000_31c5d8d7__8JLsSic",
                            "task_000000_177169b6__shWF536",
                            "task_000000_659a19e1__DtyDCZW",
                            "task_000000_95585e2a__uZx4JDy",
                            "task_000000_34a19345__nxQmvtt",
                            "task_000000_da392cab__RKVUMGq",
                            "task_000000_8d4e42ee__QjF2pH7",
                            "task_000000_5176e648__6Go7Tmg",
                            "task_000000_cb89f2c5__V26QKj6",
                            "task_000000_c3309e5a__jbJuwFX",
                            "task_000000_3f80b471__u395FPS",
                            "task_000000_67ce195f__HnbHsVr",
                            "task_000000_33870ccf__hRSNKFX",
                            "task_000000_2268a271__29JxTUq",
                            "task_000000_53faffc0__iy6MhJQ",
                            "task_000000_a9e0d1c9__z4Agt6V",
                            "task_000000_8c0b533a__MZznfb3",
                            "task_000000_bbd7acf3__cjqQX2c",
                            "task_000000_31c5d8d7__KMPXqoJ",
                            "task_000000_177169b6__J6o5AbZ",
                            "task_000000_659a19e1__9zLMq3Q",
                            "task_000000_95585e2a__G3dcP9z",
                            "task_000000_34a19345__opiCCyN",
                            "task_000000_da392cab__uWoEaAt",
                            "task_000000_8d4e42ee__hovKKbP",
                            "task_000000_5176e648__DSnJNWe",
                            "task_000000_cb89f2c5__nmvrZaF",
                            "task_000000_c3309e5a__HucvgcX",
                            "task_000000_3f80b471__48Gg4mt",
                            "task_000000_33870ccf__amMcNG3",
                            "task_000000_2268a271__iRaJZmF",
                            "task_000000_67ce195f__pFC9ke2",
                            "task_000000_53faffc0__wBmhhHt",
                            "task_000000_8c0b533a__pqJjzio",
                            "task_000000_a9e0d1c9__LbFx5do",
                            "task_000000_bbd7acf3__sVodAtu",
                            "task_000000_177169b6__eZGdakY",
                            "task_000000_31c5d8d7__jiDY57R",
                            "task_000000_659a19e1__Asx2DS7",
                            "task_000000_95585e2a__BMSCC56",
                            "task_000000_34a19345__NAdYodC",
                            "task_000000_da392cab__ARDDk4a",
                            "task_000000_8d4e42ee__pNq8NpG",
                            "task_000000_5176e648__5spAueq",
                            "task_000000_c3309e5a__SPNn5Uz",
