{
    "id": "7b3ce595-2504-4e26-92bd-9e4c2a4f4e79",
    "started_at": "2026-04-28T23:13:56.365063",
    "finished_at": null,
    "n_total_trials": 80,
    "stats": {
        "n_trials": 34,
        "n_errors": 0,
        "evals": {
            "aicore-terminus-2__claude-4.5-sonnet-20250514__harbor_tasks": {
                "n_trials": 34,
                "n_errors": 0,
                "metrics": [
                    {
                        "mean": 0.4411764705882353
                    }
                ],
                "reward_stats": {
                    "reward": {
                        "0.0": [
                            "task_000000_021e3bf6__bfSEQwU",
                            "task_000000_10e4fe12__SpKeRQy",
                            "task_000000_9c288622__4Qnruuq",
                            "task_000000_251abc07__KgJxG9k",
                            "task_000000_ad6eeba2__gELedev",
                            "task_000000_9b79473f__kTTEuSS",
                            "task_000000_10e4fe12__TAwh6PL",
                            "task_000000_021e3bf6__Qeu8j9E",
                            "task_000000_9c288622__R6n6fPA",
                            "task_000000_251abc07__nfrdLoV",
                            "task_000000_ad6eeba2__JQjKYVW",
                            "task_000000_10e4fe12__3iiPoQC",
                            "task_000000_021e3bf6__VheemPV",
                            "task_000000_9c288622__SFFWVG3",
                            "task_000000_251abc07__p2mBLQM",
                            "task_000000_ad6eeba2__TasuvVf",
                            "task_000000_10e4fe12__YqXs8SR",
                            "task_000000_021e3bf6__Dge2HNr",
                            "task_000000_9c288622__Kj5EnHE"
                        ],
                        "1.0": [
                            "task_000000_08f3a532__qz6zKrG",
                            "task_000000_14c0e8b5__z7yWUZK",
                            "task_000000_f3b41d88__Bf7eD6G",
                            "task_000000_eba1eacb__9Xo94SY",
                            "task_000000_08f3a532__LVTJiG4",
                            "task_000000_f3b41d88__roAU96p",
                            "task_000000_14c0e8b5__EukAqce",
                            "task_000000_9b79473f__eyu9D8J",
                            "task_000000_eba1eacb__sWW6bPy",
                            "task_000000_08f3a532__5wKzNUL",
                            "task_000000_14c0e8b5__9ksxaDr",
                            "task_000000_f3b41d88__wCkjSA9",
                            "task_000000_9b79473f__mMYbTJL",
                            "task_000000_eba1eacb__tCFzPj3",
                            "task_000000_08f3a532__Wp76HrG"
                        ]
                    }
                },
                "exception_stats": {}
            }
        }
    },
    "trial_results": []
}