{
    "id": "6c1ac99c-f70c-4b89-802e-0c243dfd78f5",
    "started_at": "2026-04-29T04:16:17.450611",
    "finished_at": null,
    "n_total_trials": 232,
    "stats": {
        "n_trials": 37,
        "n_errors": 2,
        "evals": {
            "aicore-terminus-2__claude-4.5-sonnet-20250514__harbor_tasks": {
                "n_trials": 35,
                "n_errors": 2,
                "metrics": [
                    {
                        "mean": 0.35135135135135137
                    }
                ],
                "reward_stats": {
                    "reward": {
                        "0.0": [
                            "task_000000_10e4fe12__tDMdTV8",
                            "task_000000_74ed3709__qAENsdu",
                            "task_000000_5defddeb__phNvXFP",
                            "task_000000_021e3bf6__ziqGvKb",
                            "task_000000_8ba0f37c__9gGyZfW",
                            "task_000000_9c288622__T97ue9b",
                            "task_000000_2e124b49__jznPLDm",
                            "task_000000_4b256abc__fj2cx3V",
                            "task_000000_adf53ad2__vKXtozm",
                            "task_000000_33b3ca0f__7UVH3pU",
                            "task_000000_251abc07__UYRPfyR",
                            "task_000000_1fc4a78a__NHsZXwk",
                            "task_000000_ad6eeba2__yr7xyoi",
                            "task_000000_1873533d__D5LcjHB",
                            "task_000000_ea23560a__ypfDbSy",
                            "task_000000_2c44c556__vVNKEdu",
                            "task_000000_10e4fe12__PHMNoHt",
                            "task_000000_74ed3709__efsABF5",
                            "task_000000_021e3bf6__dFJnaB6",
                            "task_000000_5defddeb__Ht6ZQbd",
                            "task_000000_8ba0f37c__BGSCedf",
                            "task_000000_9c288622__WTcRtkn"
                        ],
                        "1.0": [
                            "task_000000_dfa4d21d__6Q7VBYZ",
                            "task_000000_3a601a7e__wH3zEan",
                            "task_000000_9bc868cd__bbPUEvS",
                            "task_000000_8ef16240__PdKYMKR",
                            "task_000000_08f3a532__iaGPZfJ",
                            "task_000000_5f6e2b69__BmtrW43",
                            "task_000000_f3b41d88__5QngXKz",
                            "task_000000_14c0e8b5__95jhAkn",
                            "task_000000_d720b0d6__FUnuEYg",
                            "task_000000_ccf1fcb4__kk9NWHE",
                            "task_000000_9b79473f__xW23HGo",
                            "task_000000_eba1eacb__MkAKaDh",
                            "task_000000_97a36505__Y54rrV9"
                        ]
                    }
                },
                "exception_stats": {
                    "CancelledError": [
                        "task_000000_adf53ad2__JMPsD4C",
                        "task_000000_2e124b49__jUz9v4E"
                    ]
                }
            }
        }
    },
    "trial_results": []
}